{
	"authenticationMethod": "none",
	"welcomeFile": "/index.html",
	"routes": [{
		"path": "/resources",
		"target": {
			"type": "service",
			"name": "sapui5",
			"entryPath": "/resources"
		},
		"description": "SAPUI5 Resources"
	}, {
		"path": "/test-resources",
		"target": {
			"type": "service",
			"name": "sapui5",
			"entryPath": "/test-resources"
		},
		"description": "SAPUI5 Test Resources"
	}, {
		"path": "/api",
		"target": {
			"type": "destination",
			"name": "generic_chatbot"
		},
		"description": "Chatbot Connection for Data Retrievement"
	}],
	"sendWelcomeFileRedirect": true
}