{
    "resources": [
        {
            "name": "controller/Main.controller.js"
        },
        {
            "name": "img/petra.jpg"
        },
        {
            "name": "img/henry.gif"
        },
        {
            "name": "img/ben.jpg"
        },
        {
            "name": "img/sally.jpg"
        },
        {
            "name": "img/surfing.gif"
        },
        {
            "name": "img/heart.png"
        },
        {
            "name": "Component.js"
        },
        {
            "name": "model/models.js"
        },
        {
            "name": "extended_runnable_file.html"
        },
        {
            "name": "css/style.css"
        },
        {
            "name": "fioriHtmlRunner.html"
        },
        {
            "name": "index.html"
        },
        {
            "name": "manifest.json"
        },
        {
            "name": "view/EmojiPopover.fragment.xml"
        },
        {
            "name": "view/Main.view.xml"
        },
        {
            "name": "i18n/i18n.properties",
            "raw": "i18n/i18n.properties"
        },
        {
            "name": "Component-preload.js",
            "merged": true
        },
        {
            "name": "neo-app.json"
        }
    ]
}